Product Name,Processor Type,RAM,Storage,Display,Features,Price
"HP 250 G8 Core i3 11th Gen 15.6"" 4GB RAM 1TB HDD Laptop","Intel Core i3-1115G4 (6MB Cache, 3.00 GHz up to 4.10 GHz)","4GB DDR4 3200MHz, ", 1TB HDD,"15.6"" FHD (1920 x 1080)","Full-Size island-style keyboard, Type-C","55,000"
"HP 250 G8 Core i3 11th Gen 256GB SSD 15.6"" FHD Laptop","Intel Core i3-1115G4 (6MB Cache, 3.00 GHz up to 4.10 GHz)","8GB DDR4 3200MHz, ", 256GB SSD + 1TB HDD,"15.6"" FHD (1920 x 1080) IPS","Full-size island-style keyboard, Type-C","58,000"
"HP 250 G8 Core i3 11th Gen 512GB SSD 15.6"" FHD Laptop","Intel Core i3-1115G4 (6MB Cache, 3.00 GHz up to 4.10 GHz)","8GB DDR4 3200MHz, ", 512GB SSD,"15.6"" FHD (1920 x 1080) IPS","Full-Size island-style keyboard, Type-C","59,500"
"HP 250 G8 Core i3 11th Gen 8GB RAM 15.6"" FHD Laptop","Intel Core i3-1115G4 (6MB Cache, 3.00 GHz up to 4.10 GHz)","8GB DDR4 3200MHz, ", 512GB SSD + 1TB HDD,"15.6"" FHD (1920 x 1080) IPS","Full-size island-style keyboard, Type-C","60,500"
"AVITA Essential 14 Celeron N4020 256GB SSD 14"" Full HD Laptop Concrete Grey Color","Intel Celeron N4020 (4M Cache, 1.10 GHz up to 2.80 GHz)","4GB LPDDR4, ", 256GB SATA SSD,"14"" FHD (1920 x 1080) IPS","2M WebCam, 0.8W x 2 Speaker","20,000"
"AVITA Essential 14 Celeron N4020 256GB SSD 14"" Full HD Laptop Matt White Color","Intel Celeron N4020 (4M Cache, 1.10 GHz up to 2.80 GHz)","4GB LPDDR4, ", 256GB SATA SSD,"14"" FHD (1920 x 1080) IPS","2M WebCam, 0.8W x 2 Speaker","20,000"
"AVITA Essential 14 Celeron N4020 256GB SSD 14"" Full HD Laptop Matt Black Color","Intel Celeron N4020 (4M Cache, 1.10 GHz up to 2.80 GHz)","4GB LPDDR4, ", 256GB SATA SSD,"14"" FHD (1920 x 1080) IPS","2M WebCam, 0.8W x 2 Speaker","20,000"
Chuwi HeroBook Pro Intel Celeron N4020 14.1 inch Full HD Laptop with Windows 11,"Intel Celeron Processor N4020 (4M Cache, 1.10 GHz up to 2.80 GHz)",4GB DDR4 , 128GB eMMC SSD,14.1 Inch(1920 x 1080) IPS Anti-Glare Display,"Touch, Type-C, Detachable","28,800"
"Lenovo IdeaPad D330 10IGL Celeron N4020 10.1"" HD Detachable 2-in-1 Touch Laptop","Intel Celeron N4020 (4M Cache,1.10 GHz up to 2.80 GHz)",4GB DDR4 2400MHz ," 1TB 5400rpm 2.5"" HDD","10.1"" (1280 x 800) HD Touchscreen","High Definition Audio, HD 720p Webcam","34,500"
Chuwi GemiBook XPro Intel Celeron N100 14.1 inch Full HD Laptop,"Intel Celeron N4020 (4M Cache, 1.10 GHz up to 2.80 GHz)","8GB 3200Mhz, ", 256GB SSD,14.1 Inch(1920 x 1080) IPS Anti-Glare Display,"Stereo speakers, Dolby Audio","34,900"
"Lenovo IdeaPad Slim 3i Intel Celeron N4020 15.6"" HD Laptop","Intel Celeron N4020 (4M Cache, 1.10 GHz up to 2.80 GHz)","4GB DDR4 3200MHz, ", 1TB HDD,"15.6"" HD (1366 x 768)","Camera Privecy Shutter, Stereo speakers","35,000"
Chuwi GemiBook Plus Intel Celeron N100 15.6 inch Full HD Laptop,"Intel Celeron N4020 (4M Cache, 1.10 GHz up to 2.80 GHz)","8GB DDR4, ", 256GB SSD,15.6 Inch(1920 x 1080) IPS Anti-Glare Display,"Chiclet Keyboard, Type-C","35,900"
"Lenovo IdeaPad Slim 3i 15IGL Intel Celeron N4020 15.6"" HD Laptop","Intel Celeron N4020 (4M Cache, 1.10 GHz up to 2.80 GHz)","4GB DDR4 RAM, ", 1TB 5400RPM HDD,"15.6"" HD (1366 x 768)","Full-size keyboard with numeric keypad, Type-C","36,000"
"Lenovo IdeaPad Slim 1i Intel Celeron N4020 14"" FHD Laptop","Intel Celeron N4020 (4M Cache, 1.10 GHz up to 2.80 GHz)","8GB DDR4, ", 256GB SSD,"14"" FHD (1920 x 1080) ","Bangla Keyboard, Type-C","36,500"
Asus P1511CMA Intel Celeron N4020 15.6-Inch HD Laptop,"Intel Celeron N4020 (4MB Cache, 1.10 GHz up to 2.80 GHz)","4GB 2933 MHz, ", 256GB SSD,"15.6"" HD (1366 x 768)","Backlit Keyboard, Type-C","37,500"
"HP 250 G8 Intel Celeron N4020 15.6"" FHD Laptop","Intel Celeron N4500 (4M Cache, 1.10 GHz up to 2.80 GHz)","8GB DDR4, ", 256GB SSD,"15.6"" FHD (1920 x 1080)","Bangla Keyboard, Type-C","38,000"
"Walton Prelude N40 Pro Celeron N4020 14"" FHD Laptop","Intel Celeron N4120 (4MB Cache, 1.10 GHz up to 2.60 GHz)","4GB DDR4 (Onboard), ", 256GB PCIEG3 SSD,"14"" FHD (1920x1080)","Bangla Keyboard, Type-C","39,750"
"Asus Vivobook X515KA Celeron N4500 15.6"" FHD Laptop","Intel Celeron N4500 (4M Cache, 1.10 GHz up to 2.80 GHz)","4GB DDR4 RAM, ", 1TB HDD,"15.6"" FHD (1920x1080)","Backlit Keyboard, Type-C","40,500"
"Walton Prelude N41 Pro Celeron N4120 14"" FHD Laptop","Intel Pentium Silver N5030 (4MB Cache, 1.10 GHz up to 3.10 GHz)","4GB DDR4, ",512GB PCIe G3 SSD,"14"" FHD (1920x1080)","Backlit Keyboard, Fingerprint , Type-C","42,550"
"HP 15s-fq3617TU Celeron N4500 15.6"" FHD Laptop","Intel Celeron N4020 (4M Cache, 1.10 GHz up to 2.80 GHz)","8GB DDR4, ", 256GB SSD,"15.6"" FHD (1920 x 1080)","Backlit Keyboard, Type-C","42,500"
"Walton Prelude N50 Pro Pentium Silver N5030 14"" FHD Laptop",AMD Ryzen 3 3250U (2.6 GHz up to 3.5 GHz),"4GB DDR4, ", 256GB M.2 SSD,"14"" FHD (1920x1080)","Backlit Keyboard, Type-C","43,750"
"Asus Vivobook E410MA Celeron N4020 14"" HD Laptop",AMD Ryzen 3 3250U processor(2.6 Ghz up to 3.5 Ghz),"8GB DDR4 RAM, ", 1TB HDD,"14"" HD (1366X768) LED Display","Dual speakers, Type-C","44,000"
ASUS D415DA Ryzen 3 3250U 14-inch HD Laptop,"Intel Celeron N4020 (1.10 GHz up to 2.80 GHz, Cache 4MB)",RAM : 4GB DDR4 , 512GB PCIE G3 SSD,"14"" HD (1366 x 768)",360° Flip & Touch Screen,"46,500"
"ASUS VivoBook 15 M515DA Ryzen 3 3250U 15.6"" HD Laptop",AMD Athlon Silver 3050U (2.3 GHz up to 3.2GHz),"8GB 2666MHz, ", 512GB SSD,"15.6"" HD (1366 x 768)","Backlit Keyboard, Type-C","46,500"
"Asus VivoBook 15 E510MA Intel Celeron N4020 15.6"" FHD Laptop","Intel Celeron N4500 (4M Cache, 1.10 GHz up to 2.80 GHz)",8GB; , 256GB,"15.6"" FHD (1920X1080)","Chiclet keyboard, Type-C","47,000"
"HP 15s-eq1578AU AMD Athlon 3050U 15.6"" FHD Laptop",AMD Ryzen 3 3250U processor(2.6 Ghz up to 3.5 Ghz),4GB 3200Mhz  , 256GB SSD,"15.6"" FHD (1920 x 1080)","Built-in array microphone, Type-C","46,500"
"Asus ExpertBook BR1100FKA Celeron N4500 11.6"" 360° HD LED Touch Education Laptop",AMD Ryzen 3 3250U (2.6 GHz up to 3.5 GHz),"4GB DDR4 , ", 1TB HDD,"11.6"" HD (1366 x 768) LED Touch Display","Backlit Keyboard, Dolby Audio","47,500"
"ASUS VivoBook 15 M515DA Ryzen 3 3250U 8GB RAM 15.6"" HD Laptop","Intel Core i3 10110U (4MB Cache, 2.1GHz up to 4.1GHz)","4GB RAM, ", 1TB HDD,"15.6"" HD (1366 x 768)","Built-in speaker, Type-C","47,900"
"Chuwi MiniBook X Intel Celeron N5100 10.5"" FHD+ Touch Laptop","Intel Core  i3-1115G4 (6MB cache, 3.0 GHz upto 4.1 GHz)","8GB DDR5, ", 512GB SSD,10.5'' FHD+ (1920 x 1200) IPS Display,"Backlight keyboard, Type-C","47,900"
"ASUS VivoBook 15 D515DA Ryzen 3 3250U 15.6"" FHD Laptop with Windows 11","Intel Core i3-1115G4 (6M Cache, 3.00 GHz up to 4.10 GHz)","4GB 3200Mhz, ", 512GB SSD,"15.6"" FHD (1920X1080)","Stereo Speaker, HD webcam","48,900"
"Walton Passion BX310U Core i3 10th Gen 15.6"" FHD Laptop","Intel Core i3-1115G4 (6M Cache, 3.00 GHz up to 4.10 GHz)","8GB RAM, ", 1TB HDD,"15.6"" FHD (1920 x 1080)","Type-C, Dolby Audio","49,850"
Chuwi UBook X Core i5 12'' Tablet PC With Windows 11,"AMD Ryzen 3 7320U (2.4GHz up to 4.1GHz, 4 cores)","8GB DDR4 3200MHz, ", 512GB SSD,"12"" IPS (2160 x 1440) Display","Backlit Keyboard, Dolby Audio","49,900"
"Lenovo IdeaPad Slim 3i 11th Gen Core i3 256GB SSD 15.6"" Full HD Laptop with Windows 11","AMD Ryzen 3 7320U (2.4GHz up to 4.1GHz, 4 cores)","8GB DDR4, ", 1TB HDD,"15.6"" FHD (1920x1080)","Backlight keyboard, Type-C","51,400"
"ASUS VivoBook 15 X515EA Core i3 11th Gen 15.6"" FHD WV Laptop","Intel Core  i3-1115G4 (6MB cache, 3.0 GHz upto 4.1 GHz)","4GB DDR4 3200 MHz, ", 1TB HDD,"15.6"" FHD WV (1920X1080)","Backlit Keyboard, Type-C","51,900"
"Lenovo IdeaPad Slim 3i Core i3 11th Gen 4GB RAM 15.6"" FHD Laptop","Intel Core i3-1115G4 (6M Cache, 3.00 GHz up to 4.10 GHz)","4GB DDR4 2666 MHz, ", 1TB HDD,"15.6"" FHD (1920 x 1080)","Dual speakers, Type-C","52,900"
"Acer Aspire 3 A315-24P Ryzen 3 7320U 15.6"" FHD Laptop","Intel Core i3-1115G4 (6M Cache, 3.00 GHz up to 4.10 GHz)","8GB DDR4, ", 256GB SSD,"15.6"" FHD (1920x1080) TFT LCD"," Stereo speakers, Type-C","53,000"
"Lenovo IdeaPad Slim 1 15AMN7 Ryzen 3 7320U 15.6"" FHD Laptop","AMD Ryzen 3 5300U (4MB L3 Cache, 2.6GHz up to 3.8GHz)","8GB 3200Mhz, ", 256GB SSD,"15.6"" FHD (1920x1080)","Silver keyboard, Type-C","53,400"
"Lenovo IdeaPad Slim 3i Core i3 11th Gen 512GB SSD 15.6"" FHD Laptop"," Intel Core i3-1115G4 (6M Cache, 3.00 GHz up to 4.10 GHz)","4GB DDR4 RAM (Onboard), ", 512GB SSD,"15.6"" FHD (1920 x 1080)","Type-C, Stereo Speakers","53,500"
"Lenovo IdeaPad Slim 3i Core i3 11th Gen 14"" FHD Laptop Abyss Blue","Intel Core i3-1125G4 (8M Cache, 2.00 GHz up to 3.70 GHz, 4 cores, 8 threads)","8GB DDR4, ", 512GB SSD,"14"" FHD (1920 x 1080)","Camera Privecy Shutter, Stereo speakers","55,500"
"MSI Modern 14 C11M Core i3 11th Gen 14"" FHD Laptop","Intel Core i3-1215U (10M Cache, 3.3 GHz up to 4.4 GHz)","8GB RAM, ", 512GB SSD,"14"" FHD (1920 x 1080)","Illuminated Keyboard, Type-C","56,000"
"HP 255 G8 Ryzen 3 5300U 15.6"" FHD Laptop","Intel Core i3-1215U (10M Cache, up to 4.40 GHz)","8GB DDR4, ", 512GB SSD,"15.6"" FHD (1920 x 1080)","Stereo Speaker, HD webcam","56,000"
"HP 250 G8 Core i3 11th Gen 15.6"" FHD Laptop","Intel Core i3-1115G4 (6M Cache, 3.00 GHz up to 4.10 GHz)","8GB DDR5, ", 512GB SSD,"15.6"" FHD (1920 x 1080)","Type-C, Stereo Speakers","56,000"
"HP 15s-du3611TU Core i3 11th Gen 15.6"" FHD Laptop","Intel Core i3-1215U (10M Cache, 3.30 GHz, up to 4.40 GHz)","8GB DDR4, ", 512GB SSD,"15.6"" FHD (1920 x 1080)","Stereo Speaker, Built-In Microphones","56,500"
"Lenovo IdeaPad Slim 3i 14IAU7 Core i3 12th Gen 14"" FHD Laptop Misty Blue","Intel Core i3-1115G4 (6M Cache, 3.00 GHz up to 4.10 GHz)","8GB DDR4, ", 512GB SSD,"14"" FHD (1920 x 1080)","Stereo Speaker, Type-C","56,500"
"Lenovo IdeaPad SLIM 3i Intel Core i3 12th Gen 14"" FHD Laptop","Intel Core i3-1215U (10M Cache, 3.30 GHz, up to 4.40 GHz)","8GB DDR4, ", 512GB SSD,"14"" FHD (1920 x 1080) ","Stereo Speaker, HD webcam","56,500"
"ASUS VivoBook 15 X515EA Core i3 11th Gen 512GB SSD 15.6"" FHD Laptop",AMD Ryzen 5 7520U (2.8 GHz up to 4.3 GHz) ,"8GB 3200Mhz, ", 512GB SSD,"15.6"" FHD (1920X1080)","Stereo Speaker, HD webcam","56,800"
"Acer A315-59-390P Core i3 12th Gen 15.6"" FHD Laptop","Intel Core i3-1215U (10M Cache, 3.30 GHz, up to 4.40 GHz)","8GB DDR4 3200Mhz, ", 512GB SSD,"15.6"" FHD (1920x1080) TFT LCD","FHD WebCam, USB Type-C","57,000"
"Lenovo IdeaPad Slim 3i 14ITL6 Core i3 11th Gen 512GB SSD 14"" FHD Laptop","Intel Core i3-1215U (10M Cache, 3.30 GHz, up to 4.40 GHz)","8GB LPDDR4X, ", 256GB SSD,"14"" FHD (1920 x 1080)","Camera Privacy Shutter, Stereo speakers","57,500"
"Acer Aspire 3 A315-59-332B Core i3 12th Gen 15.6"" FHD Laptop","Intel Core i5-1155G7 (8M Cache, 2.50 GHz up to 4.50 GHz)","8GB 3200MHz, ", 512GB SSD,"15.6"" FHD (1920x1080)","Camera Privecy Shutter, Stereo speakers","57,500"
"Acer Aspire 3 A315-24P Ryzen 5 7520U 15.6"" FHD Laptop","Intel Core i3-1215U (10M Cache, up to 4.40 GHz)","8GB RAM, ", 512GB SSD,"15.6"" FHD (1920x1080) TFT LCD","Fingerprint, Pop-up Camera, Type-C","58,000"
"Acer Aspire 3 A315-59-34TO Core i3 12th Gen 15.6"" FHD Laptop","Intel Core i3-1215U (10M Cache, up to 4.40 GHz)","8GB DDR5 5500MHz, ", 256GB  SSD,"15.6"" FHD (1920x1080) TFT LCD","Wi-Fi 6, Camera Shutter","58,000"
"Acer Aspire 3 A315-59-39P4 Core i3 12th Gen 15.6"" FHD Laptop","Intel Core i3-1115G4 (6MB Cache, 3.00 GHz, up to 4.10 GHz)","8GB DDR5 5500MHz, ", 256GB  SSD,"15.6"" FHD (1920x1080) TFT LCD",Stereo Speakers,"58,000"
"Infinix INBook Y2 Plus Core i5 11th Gen 15.6"" FHD Laptop","Intel Core i3-1215U (10M Cache, 3.30 GHz, up to 4.40 GHz)","8GB RAM, ", 512GB SSD,"15.6"" FHD (1920 x 1080)","Type-C, Privacy shutter","58,990"
"Lenovo IdeaPad SLIM 3i Intel Core i3 12th Gen 15.6"" FHD Laptop","Intel Core i3-1215U (10M Cache, up to 4.40 GHz)","8GB DDR4, ", 512GB SSD,"15.6"" FHD (1920 x 1080) ","Type-C, Privacy shutter","59,500"
"Lenovo IdeaPad 3i 14IAU7 Core i3 12th Gen 14"" FHD Laptop","Intel Core i3-1215U (10M Cache, up to 4.40 GHz)","8GB DDR5 5500MHz, ", 256GB  SSD,"14"" FHD (1920 x 1080)","Backlight keyboard, Type-C","59,500"
"HUAWEI MateBook B3-520 Core i3 11th Gen 15.6"" FHD Laptop",AMD Ryzen 5 7520U (2.8 GHz up to 4.3 GHz),"8GB DDR5, ", 512GB SSD,"15.6"" FHD (1920 x 1080) IPS","Stereo Speaker, Type-C","59,800"
"MSI Modern 14 C12M Core i3 12th Gen 14"" FHD Laptop",AMD Ryzen 5 7520U (2.8 GHz up to 4.3 GHz),"8GB DDR4, ", 512GB SSD,"14"" FHD (1920 x 1080)",Type-C,"59,999"
"Lenovo V15 Gen 3 Core i3 12th Gen 15.6"" FHD Laptop","Intel Core i3-1115G4 (6M Cache, 3.00 GHz up to 4.10 GHz)","8GB DDR5, ", 256GB SSD,"15.6"" FHD (1920 x 1080), 60Hz","Stereo Speakers, Built-In Microphones, Type-C","60,000"
"Dell Inspiron 15 3520 Core i3 12th Gen 15.6"" FHD Laptop","Ryzen 5 5500U (11M Cache, 2.10GHz)","4GB DDR4, ", 512G SSD,"15.6"" FHD (1920 x 1080)","Stereo Speaker, Type-C","60,500"
"Lenovo IdeaPad 1 14AMN7 AMD Ryzen 5 14"" FHD Laptop with DDR5 RAM",AMD Ryzen 5 7520U (2.8 GHz up to 4.3 GHz),"8GB DDR4, ", 512GB SSD,"14"" FHD (1920X1080)","High Definition (HD) Audio, Camera Privacy Shutter","60,500"
"Lenovo IdeaPad 1 14AMN7 AMD Ryzen 5 14"" FHD Sand Laptop","Intel Core i3-1305U 13th Gen (10M Cache, Up to 4.50 GHz)","8GB LPDDR4X, ", 128GB SSD,"14"" FHD (1920X1080)","Backlit Keyboard, Fingerprint, Type-C","60,500"
"Lenovo IdeaPad Slim 3i Core i3 11th Gen 512GB SSD 14"" FHD Laptop","Intel Core i5-1155G7 (8M Cache, 2.50 GHz up to 4.50 GHz)","8GB DDR4,  ", 1TB HDD,"14"" FHD (1920 x 1080)","FHD WebCam, USB Type-C","61,000"
"Acer Aspire Lite AL15-41 AMD Ryzen 5 5500U 15.6"" FHD Laptop","AMD Ryzen 5 7520U (4C / 8T, 2.8 / 4.3GHz, 2MB L2 / 4MB L3)","8GB DDR5, ", 512GB SSD,"15.6"" FHD (1920x1080)","ChromeOS, Type-C","61,000"
"Chuwi CoreBook XPro Intel core i3 15.6"" FHD Laptop","Intel Core i3-1115G4 (6M Cache, 3.00 GHz up to 4.10 GHz)","8GB DDR4 , ", 1TB HDD,15.6 Inch (1920 x 1080) IPS Display,"Spill-resistant keyboard, Type-C","61,000"
"Lenovo IdeaPad 1 15AMN7 AMD Ryzen 5 15.6"" FHD Laptop with DDR5 RAM","Intel Core i5-1155G7 (8M Cache, 2.50 GHz up to 4.50 GHz)","8GB DDR4 , ", 512GB SSD,"15.6"" FHD (1920X1080)","Backlit Chiclet Keyboard, Type-C","61,500"
"Acer Aspire 5 5P-A515-58P Core i3 13th Gen 15.6"" FHD Laptop","Intel Core i3-1115G4 (6M Cache, 3.00 GHz up to 4.10 GHz)","8GB DDR5 5500MHz, ", 512GB SSD,"15.6"" FHD (1920x1080) IPS","Backlit Keyboard, Fingerprint , Type-C","61,500"
"Acer Aspire Lite AL15-51 Core i5 11th Gen 15.6"" FHD Laptop","Intel Core i3-1215U (10M Cache, up to 4.40 GHz)","16GB DDR4 3200MHz, ", 512GB SSD,"15.6"" FHD (1920x1080)","Backlit Keyboard, Type-C","61,500"
"Lenovo IdeaPad 1 15AMN7 Ryzen 5 7520U 15.6"" FHD Laptop ","AMD Ryzen 3 7320U (2.4GHz up to 4.1GHz, 4 cores)","8GB DDR5 5500MHz, ", 512GB  SSD,"15.6"" FHD( 1920 x 1080)","Type-C, Privacy Shutter","61,500"
"Asus Vivobook S15 S513EA Core i3 11th Gen 4GB RAM 15.6"" OLED FHD Laptop","Intel Core i3-1115G4 (6M Cache, 3.00 GHz up to 4.10 GHz)","8GB RAM, ", 512GB SSD,"15.6"" OLED FHD","Backlit Keyboard, Type-C","61,900"
"Infinix INBook X2 Core i5 11th Gen 14"" FHD Laptop","Intel Core i3-1115G4 (6M Cache, 3.00 GHz up to 4.10 GHz)","8GB DDR5 5500MHz, ", 512GB M.2 NVMe SSD,"14"" FHD (1920 x 1080)","Type-C, Privacy shutter","61,990"
"Acer Chromebook 514 CB514-1W Core i3 11th Gen 14"" HD Chromebook",AMD Ryzen 5 7520U (2.8 GHz up to 4.3 GHz),"8GB DDR4 , ", 512GB SSD,"14"" HD (1280 x 720) IPS","Spill-resistant Keyboard, Type-C","62,000"
"Acer TravelMate TMP214-54 Core i3 12th Gen 14"" FHD Laptop","Intel Core i3-1215U (10M Cache, up to 4.40 GHz)","8GB DDR5, ", 512GB SSD,"14"" FHD (1920 x 1080)","Type-C, Privacy shutter","62,000"
"Asus VivoBook Go 15 E1504FA Ryzen 3 7320U 15.6"" FHD Laptop",AMD Ryzen 5 7520U (2.8 GHz up to 4.3 GHz),"8GB DDR4, ", 512G SSD,"15.6"" FHD (1920x1080) ","Backlit Keyboard, Type-C","62,000"
"ASUS VivoBook 15 X1500EA Core i3 11th Gen 15.6"" FHD Laptop","Intel Core i3-1215U (10M Cache, up to 4.40 GHz)","4GB DDR4 , ", 256GB SSD,"15.6"" FHD (1920X1080)","High Definition (HD) Audio, Camera Privacy Shutter","62,800"
"ASUS VivoBook 15 X1500EA Core i3 11th Gen 512GB SSD 15.6"" FHD Laptop",AMD Ryzen 5 7520U (2.8 GHz up to 4.3 GHz),"8GB DDR4 , ", 256GB SSD,"15.6"" FHD (1920X1080)","Backlit Keyboard, Fingerprint , Type-C","62,800"
"Lenovo IdeaPad 1 14AMN7 AMD Ryzen 5 512GB SSD 14"" FHD Laptop with DDR5 RAM","Intel Core i3-1215U (10M Cache, up to 4.40 GHz)","8 GB DDR4 SDRAM, "," 1TB 2.5"" 5400RPM HDD","14"" FHD (1920X1080)",USB Type-C,"63,000"
"MSI Modern 14 C12MO Core i3 12th Gen 14"" FHD Laptop","AMD Ryzen 5 7520U (4C / 8T, 2.8 / 4.3GHz, 2MB L2 / 4MB L3)","8GB RAM, ", 512GB SSD,"14"" FHD (1920 x 1080)","Fingerprint, Type-C","63,000"
"Lenovo IdeaPad 1 14AMN7 AMD Ryzen 5 512GB SSD 14"" FHD Laptop (Sand Color)","Intel Core i3-1115G4 (6M Cache, 3.00 GHz up to 4.10 GHz)","8GB 2666MHz, ", 512GB SATA III M.2 2280 SSD,"14"" FHD (1920X1080)","100-/101-/104- key FineTip keyboard, Windows 11 Home","63,000"
"HP 15s-fq5786TU Core i3 12th Gen 15.6"" FHD Laptop","Intel Core i3-1215U (10M Cache, up to 4.40 GHz)","8GB DDR4 , ", 256GB SSD,"15.6"" FHD (1920 x 1080)",Type-C,"63,500"
"Lenovo IdeaPad 1 15AMN7 AMD Ryzen 5 512GB SSD 15.6"" FHD Laptop with DDR5 RAM","Intel Core i3-1115G4 (6M Cache, 3.00 GHz up to 4.10 GHz)","8GB DDR4, ", 256GB SSD,"15.6"" FHD (1920X1080)","Built-in touchpad, Type-C","63,500"
"ASUS VivoBook 15 X1502ZA Core i3 1215U 12th Gen 15.6"" FHD Laptop","Intel Core i5-1135G7 (8M Cache, 2.40 GHz up to 4.20 GHz)","8GB DDR4, ", 1TB SATA HDD,"15.6"" FHD (1920X1080)","Chiclet Keyboard, Type-C","63,500"
"Lenovo IdeaPad 1 15AMN7 Ryzen 5 7520U 512GB SSD 15.6"" FHD Laptop (Sand Color)","Intel Core i3-1215U (10M Cache, up to 4.40 GHz)","8GB DDR5, ", 512GB SSD,"15.6"" FHD( 1920 x 1080)","Backlit Keyboard, Type-C","63,500"
"Asus Vivobook S15 S513EA Core i3 11th Gen 15.6"" OLED FHD Laptop","Intel Core i5-10210U (6M Cache, 1.60 GHz up to 4.20 GHz)"," 4GB DDR4, ", 1TB HDD,"15.6"" OLED FHD","Type-C, HP TrueVision HD Camera","63,800"
"ASUS VivoBook 15 X1502ZA Core i3 12th Gen 256GB SSD 15.6"" FHD Laptop","Intel Core i3-1215U (10M Cache, up to 4.40 GHz)","8GB RAM, ", 512GB SSD,"15.6"" FHD (1920X1080)","Type-C, Stereo Speakers","63,900"
"Huawei MateBook D15 Core i3 11th Gen 15.6"" FHD Laptop","Intel Core i3-1215U (10MB Cache, Up to 4.4 GHz)","8GB RAM, ", 512GB SSD,"15.6"" FHD (1920x1080) IPS 60Hz","Backlit Keyboard, Fingerprint, Type-C","60,500"
"Acer Extensa 15 EX215-54-57SB Core i5 11th Gen 15.6"" FHD Laptop","Intel Core i5-1135G7 (8M Cache, 2.40 GHz up to 4.20 GHz)","4GB DDR4 , ", 512GB SSD,"15.6"" FHD (1920 x 1080)","Full-Size Textured island-style keyboard, Type-C","64,000"
"Lenovo IdeaPad Slim 3i 15IAU7 Core i3 12th Gen 15.6"" FHD Laptop","Intel Core i3-1305U (10M Cache, 3.3 GHz up to 4.5 GHz)","8GB DDR4, ", 256GB SSD,"15.6"" FHD (1920 x 1080)","Full-Size Textured island-style keyboard, Type-C","64,000"
"Walton Passion BX510U Core i5 10th Gen 15.6"" FHD Laptop","Intel Core i5-1135G7 (8M Cache, 2.40 GHz up to 4.20 GHz)","8GB DDR5, ", 512GB SSD,"15.6"" FHD (1920 x 1080)","Backlit Keyboard, Type-C","64,550"
"ASUS VivoBook 15 X1502ZA Core i3 12th Gen 8GB RAM 15.6"" FHD Laptop","Intel Core i5-1135G7 (8M Cache, 2.40 GHz up to 4.20 GHz)","8GB DDR4 RAM, ", 512GB SSD,"15.6"" FHD (1920X1080)","Backlit Keyboard, Fingerprint, Type-C","65,500"
"ASUS VivoBook 15 X1502ZA-EJ850W Core i3 12th Gen 15.6"" FHD Laptop","Intel Core i5-1135G7 (8M Cache, 2.40 GHz up to 4.20 GHz)","8GB DDR4 RAM, ", 512GB SSD,15.6 FHD (1920 x 1080),"Type-C, Stereo Speakers","66,000"
"HP 240 G8 Core i5 11th Gen 14"" FHD Laptop","Intel Core i3-1220P (12M Cache, up to 4.40 GHz)","8GB DDR4 RAM, ", 512GB SSD,"14"" FHD (1920 x 1080)","Island-type Keyboard, Type-C","67,500"
"Lenovo IdeaPad Slim 3i 15IRU8 Core i3 13th Gen 15.6"" FHD Laptop",Intel Core i3-1315U (1.2 GHz Up to 4.5 GHz),"8GB DDR4 RAM, ", 512GB SSD,"15.6"" FHD (1920 x 1080)","Island-type Keyboard, Type-C","68,000"
"ASUS VivoBook 15 X515EA Core i5 11th Gen 15.6"" FHD Laptop","Intel Core i3-1305U (10M Cache, 3.3 GHz up to 4.5 GHz)","8GB DDR4 RAM, ", 512GB SSD,"15.6"" FHD (1920X1080)","Island-type Keyboard, Type-C","68,500"
"HP 240 G8 Core i5 11th Gen 512GB SSD 14"" FHD Laptop","Intel Core i5-1135G7 (8M Cache, 2.40 GHz up to 4.20 GHz)","8GB DDR4 RAM, ", 512GB SSD,"14"" FHD (1920 x 1080)","Island-type Keyboard, Type-C","76,000"
"HP 240 G8 Core i5 11th Gen 512GB SSD 14"" FHD Laptop with Windows 11 Home","Intel Core i5-1135G7 (8M Cache, 2.40 GHz up to 4.20 GHz)","8GB DDR4, ", 512GB SSD,"14"" FHD (1920 x 1080)","Island-type Keyboard, Type-C","68,000"
"ASUS VivoBook 15 X1502ZA Core i3 12th Gen 15.6"" FHD Laptop","Intel Core i5-1135G7 (8M Cache, 2.40 GHz up to 4.20 GHz)","8GB DDR4, ", 512GB SSD,"15.6"" FHD (1920X1080)","Island-type Keyboard, Type-C","69,800"
"ASUS Vivobook 15 X1504VA-NJ260W Core i3 13th Gen 15.6"" FHD Laptop","Intel Core i5-1135G7 (8M Cache, 2.40 GHz up to 4.20 GHz)","8GB DDR4 RAM, ", 512GB SSD,"15.6"" FHD (1920 x 1080)","HD Camera with Dual Mic, Type-C","70,500"
"Lenovo IdeaPad Slim 3i 14IRU8 Core i3 13th Gen 14"" FHD Laptop","Intel Core i5-1135G7 (8M Cache, 2.40 GHz up to 4.20 GHz)","RSM: 8GB DDR4 RAM, ", 512GB SSD,"14"" FHD (1920 x 1080)","Stereo Speakers, Built-In Microphones","70,500"
"Avita Liber V14 Core i5 11th Gen 14"" FHD Laptop Soft Lavender","Intel Core i5-1135G7 (8M Cache, 2.40 GHz up to 4.20 GHz)","8GB DDR4 RAM, ", 512GB SSD,"14"" (1920 x 1080) FHD","Island-type Keyboard, Type-C","70,950"
"Avita Liber V14 Core i5 11th Gen 14"" FHD Laptop Infinite Black","Intel Core i5-1155G7 (8M Cache, 2.50 GHz up to 4.50 GHz)","8GB DDR4 RAM, ", 512GB SSD,"14"" (1920 x 1080) FHD","Island-type Keyboard, Type-C","70,950"
"Avita Liber V14 Core i5 11th Gen 14"" FHD Laptop Star Silver","Intel Core i5-1235U 12th Gen (12M Cache, Up to 4.40 GHz)","8GB DDR4 RAM, ", 512GB SSD,"14"" (1920 x 1080) FHD","Island-type Keyboard, Type-C","70,950"
"Avita Liber V14 Core i5 11th Gen 14"" FHD Laptop Aqua Blue","Intel Core i5-1135G7 (8M Cache, 2.40 GHz up to 4.20 GHz)","8GB DDR4, ", 256 GB,"14"" (1920 x 1080) FHD","Island-type Keyboard, Type-C","70,950"
"Avita Liber V14 Core i5 11th Gen 14"" FHD Laptop Anchor Grey","Intel Core i5-1135G7 (8M Cache, 2.40 GHz up to 4.20 GHz)","8GB DDR4, ", 512GB SSD,"14"" (1920 x 1080) FHD","Island-type Keyboard, Type-C","70,950"
"Avita Liber V14 Core i5 11th Gen 14"" FHD Laptop Golden Matt Black","Intel Core i5-1135G7 (8M Cache, 2.40 GHz up to 4.20 GHz)","8GB DDR4 3200 MHz, ", 256GB SSD,"14"" (1920 x 1080) FHD","Type-C, M.2","70,950"
"HP 15s-fq4786TU Core i5 11th Gen 15.6"" FHD Laptop","Intel Core i5-1135G7 (8M Cache, 2.40 GHz up to 4.20 GHz)","8GB DDR4, ", 512GB SSD,"15.6"" FHD (1920 x 1080)","Fingerprint, Type-C, Privacy Shutter, Wi-Fi 6","71,300"
"Acer Aspire 3 A315-59-5031 Core i5 12th Gen 15.6"" FHD Laptop","Intel Core i5-1135G7 (8M Cache, 2.40 GHz up to 4.20 GHz)","8GB DDR4, ", 512GB SSD,"15.6"" FHD (1920x1080) IPS","Wi-Fi 6, Camera Shutter","71,500"
"Avita Liber V14 Core i5 11th Gen 14"" FHD Laptop Flowers on Yellow",Intel Core i5-1135G7 11th Gen (2.40 GHz to 4.20 GHz Turbo),"8GB DDR4, ", 512GB SSD,"14"" (1920 x 1080) FHD","Stereo speakers, Type-C","71,990"
"Avita Liber V14 Core i5 11th Gen 14"" FHD Laptop Iris on Ruby","Intel Core i3-1215U (10M Cache, up to 4.4 GHz)","8GB DDR4, ", 512GB SSD,"14"" (1920 x 1080) FHD","Full-size Keyboard, Type-C","71,990"
"Avita Liber V14 Core i5 11th Gen 14"" FHD Laptop Paisley on Lilac","Intel Core i5-1235U (12M Cache, 3.30 GHz, up to 4.40 GHz)","8GB 3200MHz, ", 512GB SSD,"14"" (1920 x 1080) FHD","Stereo Speakers, Built-In Microphones","71,990"
"Avita Liber V14 Core i5 11th Gen 14"" FHD Laptop Snowflakes on Azure Blue","Intel Core i5-1135G7 (2.40 GHz up to 4.20 GHz, 8 MB Cache)","8GB 2666MHz, ", 512GB SATAIII M.2 2280 SSD,"14"" (1920 x 1080) FHD","Stereo Speakers, Built-In Microphones","71,990"
"Avita Liber V14 Core i5 11th Gen 14"" FHD Laptop Snowflakes on Mountain Blue","AMD Ryzen 5 5625U (16MB L3 Cache, 2.3GHz, up to 4.3GHz)","16GB DDR4 3200MHz, ", 512GB M.2 2280 SSD,"14"" (1920 x 1080) FHD","Backlit Keyboard, Type-C","71,990"
"Dell Latitude 3520 Core i5 11th Gen 15.6"" HD Laptop","Intel Core i5-1235U 12th Gen (12M Cache, Up to 4.40 GHz)","8GB DDR4, ", 256GB SSD,"15.6"" HD (1366 x 768)"," Backlit Keyboard, Type-C","72,000"
"ASUS VivoBook 16 X1605ZA Core i3 12th Gen 16"" WUXGA Laptop","Intel Core i5-1235U 12th Gen (12M Cache, Up to 4.40 GHz)","8GB LPDDR4X, ", 512GB SSD,"16-inch,  WUXGA (1920 x 1200) IPS","Built-in array microphone, Type-C","72,000"
"Lenovo V15 Gen 3 Core i5 12th Gen 15.6"" FHD Laptop",AMD Ryzen 5 4600H (3.0 GHz Up to 4.0 GHz),"8GB DDR4, ", 512GB SSD,"15.6"" FHD (1920 x 1080), 60Hz","Backlit Keyboard, Metal Body, Type-C","72,500"
"HP 250 G8 Core i5 11th Gen 8GB RAM 256GB SSD 15.6"" FHD Laptop","Intel Core i5-1135G7 (8M Cache, 2.40 GHz up to 4.20 GHz)","8GB DDR4, ", 512GB SSD,"15.6"" FHD (1920 x 1080)","Fingerprint, Pop-up Camera, Type-C","72,800"
"HP 15s-eq3619AU Ryzen 5 5625U 15.6"" FHD Laptop","Intel Core i7-10510U (8MB Cache, 1.8GHz up to 4.9GHz)","8GB DDR4, ", 512GB SSD,"15"" FHD (1920 x 1080)","Backlit Keyboard, Fingerprint, Type-C","73,200"
"Acer Aspire 3 A315-59-57VA Core i5 12th Gen 15.6"" FHD Laptop","Intel Core i7-1195G7 (12M Cache, 2.90 GHz up to 5.00 GHz)","8GB DDR4, ", 512GB SSD,"15.6"" FHD (1920x1080) IPS","Type-C, M.2","74,000"
"Acer Aspire 3 A315-59-50J9 Core i5 12th Gen 15.6"" FHD Laptop","Intel Core i5-1235U (12M Cache, 1.30 GHz, up to 4.40 GHz)","8GB RAM, ", 512GB SSD,"15.6"" FHD (1920x1080) IPS","Stereo Speaker, Type-C","74,000"
"ASUS Vivobook 15 M1502IA-EJ388W Ryzen 5 4600H 15.6"" FHD Laptop","Intel Core i5-1135G7 (8MB Cache, 2.40 GHz up to 4.20 GHz)","8GB DDR4,  ", 512GB NVME SSD,15.6 FHD (1920 x 1080),"Type-C, Backlit Keyboard, Wi-Fi 6E","74,000"
"Walton Tamarind MX511G Core i5 11th Gen 14"" FHD Laptop",AMD Ryzen 5 7530U (2.0GHz up to 4.5GHz),"8GB DDR4, ", 512GB SSD,"14"" FHD (1920 x 1080)","Backlit Keyboard, Type-C, Fingerprint","74,500"
"Walton Passion BX710U Core i7 10th Gen 15.6"" FHD Laptop",Intel Core i5-1135G7 11th Gen (2.40 GHz to 4.20 GHz Turbo),"8GB DDR4 , ", 512GB SSD,"15.6"" FHD (1920 x 1080)",Stereo Speakers,"74,550"
"Thunderobot IGER E1 Core i7 11th Gen 15.6"" FHD Laptop","Intel Core i5-1235U (12M Cache, 3.30 GHz, up to 4.40 GHz)","8GB DDR4 , ", 512GB SSD,"15.6 Inch FHD (1920 x 1080) IPS, 60Hz","Spill-resistant keyboard, Type-C","74,900"
"Lenovo IdeaPad Slim 3i Core i5 12th Gen 14"" FHD Laptop",AMD Ryzen 5 7530U (2.0GHz up to 4.5GHz),"8GB DDR4, ", 512GB SSD,"14"" FHD TN (1920 x 1080) 250 nits","Backlit Keyboard, Type-C, Wi-Fi 6E, Privacy Shutter","75,500"
"HUAWEI MateBook B3-520 Core i5 11th Gen 15.6"" FHD Laptop",AMD Ryzen 5 7530U (2.0GHz up to 4.5GHz) ,"8GB DDR4 , ", 512GB SSD,"15.6"" FHD (1920x1080) IPS 300 nits","Fingerprint, Type-C","76,000"
"Lenovo IP Slim 3 15ABR8 Ryzen 5 15.6"" FHD Laptop","Intel Core i5-1235U (12M Cache, 1.30 GHz, up to 4.40 GHz)","8GB 3200MHZ, ", 512GB PCIe SSD,"15.6"" FHD (1920x1080)","Fingerprint, Type-C","72,000"
"Dell Latitude 3520 Core i5 11th Gen 512GB SSD 15.6"" HD Laptop","Intel Core i5-1235U (12M Cache, 3.30 GHz, up to 4.40 GHz)","8GB DDR4,  ", 512GB NVME SSD,"15.6"" HD (1366 x 768)","Backlit Keyboard, Type-C","76,000"
"Acer Aspire 3 A315-59 Core i5 12th Gen 15.6"" FHD Laptop",AMD Ryzen 5 7530U (2.0GHz up to 4.5GHz),"8GB DDR4, ", 512GB SSD,"15.6"" FHD (1920x1080) TFT LCD","Backlit Keyboard, Fingerprint, Type-C","76,500"
"Acer Swift Go 14 SFG14-42 Ryzen 5 7530U 14"" FHD Laptop","Intel Core i5-1135G7 (8M Cache, 2.40 GHz up to 4.20 GHz)","8GB DDR4 3200Mhz, ", 512GB NVMe SSD,"14"" FHD (1920 x 1080) IPS","Backlit Keyboard, Type-C","77,000"
"Acer Swift Go 14 SFG14-41 Ryzen 5 7530U 14"" FHD Laptop With Fingerprint","Intel Core i5-1135G7 (8M Cache, 2.40 GHz up to 4.20 GHz)","16GB DDR5, ", 512GB SSD,"14"" FHD (1920x1080) IPS","Spill-resistant keyboard, Type-C","77,000"
"Dell Inspiron 15 3520 Core i5 12th Gen 15.6"" FHD Laptop",Intel Core i5-1235U (1.3 GHz Up to 4.4 GHz),"16GB DDR4 3200MHz RAM, ", 512GB SSD ,"15.6"" FHD (1920 x 1080)","Camera Privacy Shutter, Stereo Speakers","78,500"
"Acer TravelMate TMP214-54 Core i5 12th Gen 14"" FHD Laptop","Intel Core i5-1235U (12M Cache, 3.30 GHz, up to 4.40 GHz)","8GB 3200MHz, ", 1TB HDD,"14"" FHD (1920 x 1080)","Backlit Keyboard, Type-C","78,500"
"ASUS Vivobook 14 M1405YA AMD Ryzen 5 7530U 14"" WUXGA Laptop",AMD Ryzen 7 5700U (Base 1.8GHz up to Up to 4.3GHz),"8 GB DDR4 3200MHz, ", 512GB PCIe M.2 SSD,"14-inch, WUXGA (1920 x 1200) IPS","Illuminated Chiclet Keyboard, Type-C","78,500"
"Huawei MateBook D15 Core i5 11th Gen 15.6"" FHD Laptop","Intel Core i5-1235U (12M Cache, 3.30 GHz, up to 4.40 GHz)","8 GB DDR4 3200MHz, ", 512GB PCIe M.2 SSD,"15.6"" FHD (1920x1080) IPS 60Hz","Backlight Keyboard, Type-C","76,000"
"Huawei MateBook B3-420 Core i5 11th Gen 14"" FHD Laptop","Intel Core i7-1165G7 (2.8- 4.7GHZ, 12MB )","8 GB DDR4 3200MHz, ", 512GB PCIe M.2 SSD,"14"" FHD (1920x1080) IPS 60Hz","Fingerprint, Type-C","76,000"
"ASUS VivoBook 15 X1502ZA-EJ1249W Core i5 12th Gen 15.6"" FHD Laptop",AMD Ryzen 7 5700U (Base 1.8GHz up to Up to 4.3GHz),"8GB DDR4, ", 512GB SSD,15.6 Inch FHD (1920 x 1080),"Type-C, Wi-Fi 6, Privacy Shutter, Mic Mute Key","79,500"
"ASUS VivoBook 15 X1502ZA Core i5 1235U 12th Gen 15.6"" FHD Laptop",AMD Ryzen 5 7520U (2.8 GHz up to 4.3 GHz) ,"8GB DDR4, ", 512GB SSD,"15.6"" FHD (1920X1080)","Type-C, Wi-Fi 6, Privacy Shutter, Mic Mute Key","79,500"
"Lenovo IdeaPad 3 Ryzen 7 5700U 15.6"" FHD Laptop with Windows 11","Intel Core i5-1235U (3.30 GHz, up to 4.40 GHz)","16GB DDR4 3200MHz RAM, ", 512GB SSD ,"15.6"" FHD (1920x1080) IPS","Type-C, Wi-Fi 6, Privacy Shutter, Mic Mute Key","79,900"
"Acer TravelMate P2 TMP215-54 Core i5 12th Gen 15.6"" FHD Laptop","Intel Core i7-1165G7 (12M Cache, 2.80 GHz up to 4.70 GHz, with IPU)","8 GB DDR4 3200MHz, ", 512GB PCIe M.2 SSD,"15.6"" FHD (1920 x 1080)","Dual speakers, Integrated Microphone, Type-C","80,000"
"Lenovo IdeaPad 3i 15ITL6 core i7 11th Gen 15.6"" FHD Laptop","Intel Core i5-1335U (up to 4.6 GHz, 12 MB L3 cache)","8 GB DDR4 3200MHz, ", 512GB PCIe M.2 SSD,"15.6"" FHD (1920 x 1080)","Backlight Keyboard, Type-C","80,500"
"MSI Modern 15 A5M Ryzen 7 5700U 15.6"" FHD Laptop","Intel Core i5-1335U (up to 4.6 GHz, 12 MB L3 cache)","8GB DDR4, ", 512GB SSD,"15.6"" FHD (1920x1080) ","Type-C, Wi-Fi 6, Privacy Shutter, Mic Mute Key","81,000"
"Asus VivoBook Go 15 E1504FA Ryzen 5 7520U 15.6"" FHD Laptop","Intel Core i5-1335U (up to 4.6 GHz, 12 MB L3 cache)","8GB LPDDR4x, ", 256GB SSD,"15.6"" FHD (1920x1080) ","Type-C, Wi-Fi 6, Privacy Shutter, Mic Mute Key","81,500"
MSI Modern 14 C12MO Core i5 12th Gen 14'' FHD Laptop,"Intel Core i5-1240P Processor (12M Cache, up to 4.40 GHz)","8GB DDR5, ", 512GB SSD,"14"" FHD (1920*1080)","Backlit Keyboard, Fingerprint , Type-C","81,900"
"Acer TravelMate TMP214-53 Core i7 11th Gen 14"" FHD Laptop","Intel Core i5-1235U (12M Cache, 3.3GHz, Up to 4.40 GHz)","8GB DDR5, ", 512GB SSD,"14.0"" IPS Full HD","Fingerprint, Type-C","79,500"
"HP 15-fd0204TU Core i5 13th Gen 15.6"" FHD Laptop","Intel Core i5-1235U (3.30 GHz, up to 4.40 GHz)","8GB DDR5, ", 512GB SSD,"15.6"" FHD (1920 x 1080)","Type-C, Stereo Speakers","82,500"
"HP 15-fd0205TU Core i5 13th Gen 15.6"" FHD Laptop","Intel Core i5-1335U (up to 4.6 GHz, 12 MB L3 cache)","8GB DDR4, ", 512GB SSD,"15.6"" FHD (1920 x 1080)","Type-C, Stereo Speakers","82,500"
"HP 15-fd0202TU Core i5 13th Gen 15.6"" FHD Laptop","Intel Core i5-1335U (up to 4.6 GHz, 12 MB L3 cache)","8GB RAM, ", 512GB SSD,"15.6"" FHD (1920 x 1080)","Type-C, Stereo Speakers","82,500"
"Acer Extensa 14 EX214-53-543W Core i5 12th Gen 14"" FHD Laptop","Intel Core i5-1235U (12M Cache, 1.30 GHz, up to 4.40 GHz)","8GB DDR4, ", 512GB SSD,"14"" FHD (1920 x 1080)","Fingerprint, Type-C, Privacy Shutter, Wi-Fi 6","79,999"
"Lenovo IdeaPad Slim 3i Core i5 12th Gen 15.6"" FHD Laptop with Windows 11","Intel Core i5-1135G7 (8M Cache, 2.40 GHz up to 4.20 GHz)","8GB RAM, ", 512GB SSD,"15.6"" FHD TN (1920 x 1080) 250 nits","Backlit Keyboard, Fingerprint, Type-C","83,000"
MSI Modern 15 B12MO Core i5 12th Gen 15.6'' FHD Laptop,"Intel Core i5-13420H (12M Cache, 3.4 GHz up to 4.6 GHz)","8GB RAM, ", 512GB SSD,"15.6"" FHD (1920*1080)","Dolby Audio, Type-C","83,900"
"HP 15-fd0208TU Core i5 13th Gen 15.6"" FHD Laptop","Intel Core i5-13420H (12M Cache, 3.4 GHz up to 4.6 GHz)","8GB DDR4, ", 512GB SSD,"15.6"" FHD (1920 x 1080)","Backlit Keyboard, Fingerprint","84,000"
"HP 15-fd0210TU Core i5 13th Gen 15.6"" FHD Laptop","Intel Core i5-13420H (12M Cache, 3.4 GHz up to 4.6 GHz)","8GB RAM, ", 512GB SSD,"15.6"" FHD (1920 x 1080)","Backlit keyboard, Fingerprint, Type-C","84,000"
"Lenovo IdeaPad Slim 3i Core i5 12th Gen 15.6"" FHD Laptop Abyss Blue","Intel Core i5-1235U (10M Cache, up to 4.4 GHz)","8GB DDR4 , ", 512GB SSD,"15.6"" FHD TN (1920 x 1080)","Backlit keyboard, Fingerprint , Type-C","86,000"
"Samsung Galaxy Book Core i5 11th Gen 15.6"" FHD Laptop","AMD Ryzen 7 7730U (8-core/16-thread, 16MB cache, up to 4.5 GHz)","8GB DDR4, ", 512GB SSD,"15.6"" FHD (1920 x 1080) LED","Backlit Keyboard, Type-C","86,000"
"Lenovo IdeaPad Slim 3i 15IRH8 Core i5 13th Gen 15.6"" FHD Laptop","Intel Core i7-1165G7 (12M Cache, 2.80 GHz up to 4.70 GHz, with IPU)","16GB 3200MHz, ", 512GB SSD ,"15.6"" FHD (1920 x 1080)","Backlit keyboard, Fingerprint, Type-C","87,000"
"Lenovo IdeaPad Slim 3i 14IRH8 Core i5 13th Gen 14"" FHD Laptop","Intel Core i5-1135G7 (8M Cache, 2.40 GHz up to 4.20 GHz)","4GB 3200MHZ , ", 512GB SSD,"14"" FHD (1920 x 1080)","Backlit Chiclet Keyboard, Type-C","87,000"
"Lenovo IdeaPad Slim 3i 15IRH8 Core i5 13th Gen 15.6"" FHD Laptop With Windows 11","Intel Core i7-1165G7 (12M Cache, 2.80 GHz up to 4.70 GHz, with IPU)",8GB DDR4  , 512GB SSD,"15.6"" FHD (1920 x 1080)","Backlit Keyboard, Fingerprint, Type-C","87,000"
"ASUS VivoBook 16 X1605ZA Core i5 12th Gen 16"" WUXGA Laptop","Intel Core i7-1165G7 (12M Cache, 2.80 GHz up to 4.70 GHz, with IPU)","16GB DDR4 3200MHz RAM, ", 512GB NVMe PCIe Gen3x4 SSD ,"16-inch,  WUXGA (1920 x 1200) IPS","Backlight Keyboard, Type-C","87,500"
"Lenovo IP Slim 3 15ABR8 Ryzen 7 15.6"" FHD Laptop",AMD Ryzen 5 7530U (2.0GHz up to 4.5GHz),"16GB DDR4, ", 512GB SSD,"15.6"" FHD (1920x1080)","Backlit Keyboard, Fingerprint , Type-C","83,000"
"Lenovo IdeaPad Slim 3i Core i7 11th Gen 15.6"" FHD Laptop","Intel Core i7-1165G7 (12M Cache, 2.80 GHz up to 4.70 GHz, with IPU)","8GB DDR4, ", 512GB SSD,"15.6"" FHD (1920 x 1080)","Backlit Keyboard, Fingerprint, Type-C","88,000"
"Asus Vivobook S15 S513EA Core i5 11th Gen 15.6"" OLED FHD Laptop","Intel Core i5-1235U (12M Cache, 3.30 GHz, up to 4.40 GHz)","8GB  3200Mhz, ", 512GB SSD,"15.6"" OLED FHD","Backlight Keyboard, Type-C","89,000"
"Lenovo IdeaPad Slim 3i Core i7 11th Gen 15.6"" FHD Laptop with Fingerprint",Intel Core i5-1335U (1.3 GHz Up to 4.6 GHz),"8GB DDR4, ", 512 GB SSD,"15.6"" FHD (1920 x 1080)","Backlit Keyboard, Type-C, Privacy Shutter, Wi-Fi 6E","89,000"
"Lenovo IdeaPad Slim 3i Core i7 11th Gen 14"" FHD Laptop","Intel Core i7-1255U (12M Cache, 3.50 GHz, up to 4.70 GHz)","8GB, ", 512GB SSD,"14"" FHD (1920 x 1080)","Backlit Keyboard, Type-C","89,000"
"ASUS Vivobook 15 OLED M1505YA AMD Ryzen 5 15.6"" FHD Laptop","AMD Ryzen 5 5500U (8M Cache, 2.1GHz up to 4.0GHz, 6 cores)","16GB DDR4 3200MHz, ", 512GB SSD,"15.6-inch, FHD (1920 x 1080) OLED","Fingerprint, Type-C","89,000"
"Lenovo IdeaPad Slim 3i Core i7 11th Gen 15.6"" FHD Laptop Abyss Blue",Intel Core i5-12450H 12th Gen,"8 GB DDR4 3200MHz, ", 512GB PCIe SSD,"15.6"" FHD (1920 x 1080)","Backlit Keyboard, Fingerprint, Type-C","89,000"
"ASUS VivoBook 15X K3504ZA Core i5 12th Gen 15.6"" Laptop","Intel Core i5-1335U (12M Cache, 3.40 GHz, up to 4.60 GHz)","8GB DDR4, ", 512GB SSD,"15.6"" FHD (1920x1080) ","Backlit Keyboard, Type-C","89,000"
"ASUS Vivobook 15 X1504VA-NJ261W Core i5 13th Gen 15.6"" FHD Laptop","Intel Core i5-1235U (12M Cache, 3.30 GHz, up to 4.40 GHz)","8GB DDR4 3200MHz, ", 512GB NVMe PCIe SSD,"15.6"" FHD (1920 x 1080)","Backlit Keyboard, Type-C","89,500"
"MSI Modern 15 B12M Core i7 12th Gen 16GB RAM 15.6"" FHD Laptop","Intel Core i5-1240P Processor (12M Cache, up to 4.40 GHz)","8GB DDR4 (ON BOARD), ", 512GB M.2 SSD,"15.6"" FHD (1920x1080) ","Type-C, Fingerprint, Backlit Keyboard, Wi-Fi 6E","89,900"
"Asus VivoBook Flip 14 TM420UA Ryzen 5 14"" FHD Touch Laptop","AMD Ryzen 5 5625U (16MB L3 Cache, 2.3GHz, up to 4.3GHz)","8GB DDR4, ", 512GB M.2 SSD,"14"" FHD (1920x1080) Touch","Backlit keyboard, Stereo Speakers, Type-C","89,900"
Acer Aspire 7 A715-76G-59U9 Core i5 12th Gen GTX 1650 4GB 15.6 Inch 144Hz FHD Gaming Laptop,"Intel Core i5-1235U (12M Cache, 1.30 GHz, up to 4.40 GHz)",8GB DDR4  , 512GB SSD,"15.6"" FHD (1920x1080) ","Backlight Keyboard, Type-C","89,900"
"MSI Modern 15 B13M Core i5 13th Gen 15.6"" FHD Laptop","AMD Ryzen 5 5500U (8M Cache, 2.1GHz up to 4.0GHz, 6 cores)","8GB DDR5, ", 512GB  SSD,"15.6"" FHD WV (1920x1080) LED","Backlit Keyboard, Fingerprint , Type-C,","91,500"
"ASUS VivoBook 15X K3504ZA Core i5 12th Gen 15.6"" FHD WV Laptop","Intel Core i7-1255U (12M Cache, 3.50 GHz, up to 4.70 GHz)","8GB DDR4, ", 512GB SSD,"15.6"" FHD (1920x1080)","Backlit Keyboard, Fingerprint, Type-C","91,500"
"Acer Aspire 5 A515-57G-57LE Core i5 12th Gen RTX 2050 4GB Graphics 15.6"" FHD Gaming Laptop","Intel Core i5-1335U (up to 4.6GHz, 12 MB L3 cache)","8GB DDR4, ", 512GB SSD,"14"" FHD (1920 x 1080)","HD Camera, USB Type-C / Thunderbolt 4 port","91,500"
"HP ProBook 455 G9 Ryzen 5 5625U 15.6"" FHD Laptop",Intel Core i5-1335U 13th Gen,"16GB DDR4, ", 512GB SSD,"14"" FHD (1920x1080) Display","Backlit Keyboard, Type-C","85,000"
"HP ProBook 440 G9 Core i5 12th Gen 14"" FHD Laptop","Intel Core i5-12450H (12M Cache, 3.30 GHz up to 4.40 GHz)","8GB 3200MHz, ", 512GB SSD,"14"" FHD (1920 x 1080)","Backlit Keyboard, Fingerprint, Type-C","93,000"
"ASUS ZenBook 14 UM425UA Ryzen 5 5500U 14"" FHD Laptop","Intel Core i5-1135G7 (8M Cache, 2.40 GHz up to 4.20 GHz)","8GB 3200MHz, ", 512GB M.2 SSD,"15.6"" FHD (1920 x 1080) IPS","Backlit Keyboard, Type-C","93,500"
"MSI Modern 14 C12MO Core i7 12th Gen 14"" FHD Laptop","Intel Core i5-1135G7 (8M Cache, 2.40 GHz up to 4.20 GHz)","8GB DDR4,  ", 512GB NVME SSD,"Features: Backlit Keyboard, Fingerprint, OLED Display","Backlit Keyboard, Type-C","91,500"
"HP ProBook 450 G10 Core i5 13th Gen 15.6"" FHD Laptop",Intel Core i5-12450H 12th Gen,"16GB DDR4, ", 512GB SSD,"14"" FHD (1920 x 1080)","Backlit Keyboard, 360° Flip & Touch Screen, Fingerprint, Type-C","93,500"
"Acer Aspire 5 5M-A515-58GM Core i5 13th Gen RTX 2050 4GB Graphics 15.6"" FHD Gaming Laptop",Intel Core I7 13th Gen-1355U (10 Cores  + 12 Threads),"16GB DDR4, ", 512GB SSD,"14"" FHD (1920 x 1080)","Spill-resistant keyboard, Type-C","94,000"
"MSI GF63 THIN 12UCX Core i5 12th Gen RTX 2050 4GB Graphics 15.6"" FHD 144hz Gaming Laptop","Intel Core i5-1240P Processor (12M Cache, up to 4.40 GHz)","16GB DDR4 3200MHz RAM, ", 512GB NVMe PCIe Gen3x4 SSD ,"14"" FHD (1920 x 1080) LED","Stereo Speaker, Type-C, Backlit Keyboard","94,500"
"Asus VivoBook 15 S513EQ Core i5 11th Gen 8GB RAM 15.6"" OLED FHD Laptop",AMD Ryzen 7 5700U(1.8GHz Up to 4.3GHz) ,16GB LPDDR4x , 512GB SSD,"14"" FHD (1920 x 1080)","Backlit Keyboard, Type-C, Privacy Shutter","95,000"
"Asus VivoBook 15 K513EQ Core i5 11th Gen 15.6"" OLED FHD Laptop","Intel Core i7-11800H (24M Cache, 2.30 GHz up to 4.60 GHz)","8GB DDR4 3200MHz, ", 512GB NVMe PCIe SSD,"14"" WUXGA (1920x1200) IPS","Backlit Keyboard, Fingerprint, Type-C","95,000"
"Acer Aspire 7 A715-76G Core i5 12th Gen RTX 3050 4GB Graphics IPS 144Hz 15.6"" Gaming Laptop","Intel Core i7-1165G7 (12M Cache, 2.80 GHz up to 4.70 GHz, with IPU)","8GB DDR4 3200MHz, ", 512GB NVMe PCIe SSD,"14"" FHD (1920x1080) ","Backlight Keyboard, Type-C","95,900"
"Acer Aspire 5 A515-58GM-74CC core i7 13th Gen RTX 2050 4GB 15.6"" FHD Gaming Laptop"," Intel Core i5-1135G7 (8M Cache, 2.40 GHz up to 4.20 GHz)","8GB DDR4 3200MHz, ", 512GB NVMe PCIe SSD,"14"" WUXGA (1920x1200) IPS","Backlit Keyboard, Touch, Type-C","96,500"
"Acer Aspire 5 AN515-57G-52HF Core i5 12th Gen RTX 2050 4GB Graphics 15.6"" FHD Gaming Laptop","Intel Core i7-1255U (12M Cache, 3.50 GHz, up to 4.70 GHz)","16GB DDR4 3200MHz RAM, ", 512GB NVMe PCIe Gen3x4 SSD ,"15.6"" FHD (1920x1080) ","Backlight Keyboard, Type-C","96,900"
"ASUS VivoBook Flip 14 TM420UA-EC046 Ryzen 7 5700U 14"" FHD Touch Laptop","Intel Core i5-1335U (12M Cache, 3.40 GHz, up to 4.60 GHz)","8GB DDR4 3200MHz, ", 1TB M.2 PCIe Gen4 SSD ,"14” FHD+ (1920x1200), IPS-Level","Backlight Keyboard, Type-C","97,000"
"MSI GF63 THIN 11SC Core i7 11th Gen GTX 1650 Max Q 4GB Graphics 15.6"" FHD 144hz Gaming Laptop",AMD Ryzen 5 7530U (2.0GHz up to 4.5GHz),"16GB DDR4, ", 512GB SSD,"15.6"" FHD (1920x1080) LED","Backlight Keyboard, Type-C","97,000"
"Walton Tamarind MX711G Core i7 11th Gen 14"" FHD Laptop","Intel Core i5-1135G7 (8M Cache, 2.40 GHz up to 4.20 GHz)","16GB DDR4, ", 512GB SSD,"15.6"" FHD WV (1920x1080) LED","Backlight Keyboard, Type-C","97,500"
Asus ExpertBook B3 Flip B3402FEA Core i5 14-inch 250 Nits 360° FHD Touch Laptop,"Intel Core i7-1355U (12M Cache, 3.70 GHz, up to 5.00 GHz)","8GB DDR4, ", 512GB SSD,"16"" 4K (3840 x 2400) OLED","Fingerprint, Backlit Keyboard, Type-C, Wi-Fi 6E","98,000"
"Acer TravelMate TMP214-54 Core i7 12th Gen 14"" FHD Laptop",AMD Ryzen 7 5700U (1.8GHz up to 4.3GHz),"8GB DDR4, ", 512GB SSD,"14"" FHD (1920x1080) IPS","Backlit Keyboard, Type-C, Privacy Shutter, Wi-Fi 6E","98,000"
"Acer Aspire 5M-A515-58GM Core i5 13th Gen RTX 2050 4GB Graphics 15.6"" FHD Gaming Laptop","Intel Core i5-12450H (12M Cache, 3.30 GHz up to 4.40 GHz)","8GB DDR4 2666MHz, ", 512GB SSD,"14"" FHD (1920 x 1080) LED","Backlit Keyboard, Type-C","99,500"
"Lenovo IdeaPad Slim 5 14ABR8 Ryzen 5 7530U 14"" WUXGA Laptop","Intel Core i5-12450H (12M Cache, 3.30 GHz up to 4.40 GHz)","8GB DDR4, ", 512GB SSD,"15.6"" (1920x1080) FHD","Backlit Keyboard, Type-C, Privacy Shutter, Wi-Fi 6E","99,500"
"Asus Vivobook S15 S513EQ Core i5 11th Gen 15.6"" OLED FHD Laptop","Intel Core i5-12450H (12M Cache, 3.30 GHz up to 4.40 GHz)","8GB DDR4 (ON BOARD), ", 512GB M.2 SSD,13.3-inch 2560x1600 LED-backlit Retina,"Backlit Chiclet Keyboard, Type-C","102,500"
"MSI Modern 14 C13M Core i7 13th Gen 14"" FHD Laptop","Intel Core i7-1355U (12M Cache, 3.70 GHz, up to 5.00 GHz)",8GB DDR4  , 512GB SSD,13.3-inch 2560x1600 LED-backlit Retina,"Backlit Keyboard, Finger Print, Type-C, Privacy Shutter","104,500"
"Lenovo IdeaPad Flex 5 14ALC7 AMD Ryzen 7 5700U 14"" Touchscreen Laptop","Intel Core i5-13420H (12M Cache, 3.4 GHz up to 4.6 GHz)","8GB, ", 256GB SSD,"13.3"" FHD (1920x1080) Multitouch Display","Backlit Keyboard, Type-C","105,000"
"MSI GF63 THIN 12UC Core i5 12th Gen RTX 3050 4GB Graphics 15.6"" FHD 144hz Gaming Laptop","Intel Core i5-1335U (12M Cache, 3.30 GHz, up to 4.40 GHz)","8GB, ", 256GB SSD,"14"" WUXGA (1920x1200) IPS",Backlit Keyboard,"96,500"
"MSI Thin 15 B12UC Core i5 12th Gen RTX 3050 4GB Graphics 15.6"" FHD 144hz Gaming Laptop","Intel Core i5-12450H (12M Cache, 3.30 GHz up to 4.40 GHz)","16GB DDR4, ", 512GB SSD,"14"" FHD (1920 x 1080)","Backlit Keyboard, Type-C","99,500"
"MSI Thin 15 B12UC Core i5 12th Gen RTX 2050 4GB Graphics 15.6"" FHD 144hz Gaming Laptop","Intel Core i7-1255U (12M Cache, 3.30 GHz, up to 4.70 GHz)","8GB DDR4, ", 512GB SSD,"14"" WUXGA (1920x1200) IPS","Backlit keyboard, Type-C","96,500"
"MSI Modern 15 B13M Core i7 13th Gen 15.6"" FHD Laptop","Ryzen 5 5600H (L2 3MB & L3 16MB Cache, 3.3GHz Up to 4.2GHz)","8GB DDR4, ", 512GB SSD,"14"" FHD (1920 x 1080) IPS","Backlit Keyboard, Fingerprint, Type-C","105,500"
"MSI Commercial 14 H A13MG Core i5 13th Gen 14"" FHD+ Laptop",AMD Ryzen 5 7530U (2.0GHz up to 4.5GHz),"8GB RAM, ", 512GB SSD,"15.6"" FHD (1920 x 1080) IPS","Backlit Keyboard, Type-C","106,000"
"ASUS VivoBook 15X K3504VA Core i5 13th Gen 15.6"" FHD Laptop","Intel Core i7-11800H (24M Cache, 2.30 GHz up to 4.60 GHz)",Memory: 16GB DDR4 3200MHz RAM , 256GB SSD + 1TB HDD,"14-inch, WUXGA (1920 x 1200) IPS",Backlit Magic Keyboard,"106,500"
"MSI Cyborg 15 A12UCX Core i5 12th Gen RTX 2050 4GB Graphics 8GB RAM 15.6"" FHD Gaming Laptop","Intel Core i5-1135G7 (8M Cache, 2.40 GHz up to 4.20 GHz)","8GB DDR4 (ONBOARD), ", 512GB M.2 SSD,"13.3"" FHD (1920x1080)",Backlit Magic Keyboard,"107,000"
"ASUS VivoBook 15X K3504ZA Core i7 12th Gen 15.6"" FHD WV Laptop","Intel Core i5-1240P Processor (12M Cache, up to 4.40 GHz)","8GB DDR5, ", 512GB SSD ,"14""  WQXGA (2560X1600)","Backlit Keyboard, Camera privacy shutter","107,500"
"ASUS Vivobook 16X OLED M1603QA Ryzen 5 5600H 16"" 4K Laptop","Intel Core i7-1165G7 (12M Cache, 2.80 GHz up to 4.70 GHz, with IPU)","8 GB DDR4 3200MHz, ", 512GB PCIe SSD,"14""  2.8K OLED WQHD (2880X1800) ","Backlit Keyboard 1-Zone RGB, Type-C","108,000"
"Lenovo IdeaPad Light 5 14ABR8 Ryzen 5 7530U 14"" FHD Laptop","Intel Core i7-11370H Processor (12M Cache, 3.30 GHz up to 4.80 GHz)","8 GB DDR4 3200MHz, ", 512GB PCIe SSD,"16"" 2.5K (2560x1600)","Backlit Keyboard, Type-C, Wi-Fi 6","108,000"
"ASUS TUF Gaming F15 FX506HF Core i7 11th Gen RTX 2050 4GB Graphics 15.6"" FHD Gaming Laptop","Intel Core i5-13420H (12M Cache, 3.4 GHz up to 4.6 GHz)","8GB DDR4 (ONBOARD), ", 512GB M.2 SSD,"16"" 2.5K (2560x1600)","Fingerprint , Stereo Speakers, Type-C","108,900"
"Asus ZenBook 14 UX425EA Intel Core i5 1135G7 11th Gen 14"" FHD WV Laptop",Apple M1 chip with 8-core CPU and 7-core GPU,"16GB, ", 512GB SSD,"Features: 15.6"" 144Hz Display, Backlit Keyboard","Backlit keyboard, Type-C","109,000"
"Acer Aspire 7 A715-51G Core i5 12th Gen RTX 3050 4GB Graphics 15.6"" FHD Gaming Laptop",Apple M1 chip with 8-core CPU and 7-core GPU,"8GB DDR4, ", 512GB SSD,"16"" WUXGA (1920x1200) IPS","Backlit keyboard, Type-C","111,500"
"Asus VivoBook 15 X513EP Core i7 11th Gen MX330 2GB Graphics 15.6"" FHD Laptop With Windows 11",AMD Ryzen 7 7730U (2.0GHz up to 4.5GHz),"8GB DDR4 3200MHz , ", 512GB SSD,"Features: Backlit Keyboard, 300Hz Display, Type-C","Fingerprint sensor, Type-C","112,000"
"ASUS VivoBook Pro 15 K3500PA Core i7 11th Gen 15.6"" FHD Laptop","Intel Core i5-12500H (18M Cache, up to 4.50 GHz)","16GB DDR4, ", 512GB SSD,"16"" 3.2K (3200 x 2000) OLED Touch screen","Backlit Keyboard, Fingerprint, Touch, Privacy Shutter","113,500"
"MSI Cyborg 15 A13UC Core i5 13th Gen RTX 3050 4GB Graphics 15.6"" FHD Gaming Laptop","Intel Core i5-12450H (12M Cache, 3.30 GHz up to 4.40 GHz)","16GB, ", 512GB SSD,"14"" FHD (1920 x 1080)","Backlit Keyboard, Type-C","113,500"
"Apple MacBook Air 13.3-Inch Retina Display 8-core Apple M1 chip with 8GB RAM, 256GB SSD (MGN63) Space Gray","Intel Core i7-1255U (12M Cache, up to 4.70 GHz)","16GB, ", 512GB SSD,"Features: 360Hz Display, RGB Keyboard, Type-C","Type-C, Fingerprint, Backlit Keyboard, Wi-Fi 6E","112,000"
"Apple MacBook Air 13.3-Inch Retina Display 8-core Apple M1 chip with 8GB RAM, 256GB SSD (MGN93) Silver","Intel Core i7-11370H (12M Cache, 3.30 GHz up to 4.80 GHz, with IPU)","8GB DDR4, ", 512GB SSD,"13.6"" Liquid Retina display (2560 x 1664)","Type-C, Fingerprint, Backlit Keyboard, Wi-Fi 6E","112,000"
"Lenovo Yoga 6 13ABR8 Ryzen 5 7530U 13.3"" FHD Touch Laptop ","Intel Core i7-11370H (12M Cache, 3.30 GHz up to 4.80 GHz, with IPU)","8GB DDR4, ", 512GB SSD,"16"" OLED WQUXGA (3840 X 2400)","Backlit Keyboard, Fingerprint sensor, Type-C","115,000"
"Lenovo IdeaPad Flex 5 14ABR8 Ryzen 7 7730U 14"" Touchscreen Laptop ","Intel Core i7-1165G7 (12M Cache, 2.80 GHz up to 4.70 GHz)","8GB DDR4 3200MHz, ", 512GB SSD,"Features: Backlit Keyboard, 144Hz Display, Type-C","Backlit Keyboard, Dolby Audio, Type-C","115,000"
"ASUS TUF Gaming F15 FX507ZC4 Core i5 12th Gen RTX 3050 4GB Graphics 15.6"" FHD Gaming Laptop","Intel Core i5-1235U (12M Cache, 3.3 GHz up to 4.4 GHz)","8GB DDR5, ", 512GB SSD,"14"" WUXGA (1920x1200) IPS","Backlit Keyboard, Type-C","115,900"
"Acer Nitro 5 AN515-58-59JP Core i5 12th Gen RTX 3050 4GB Graphics 15.6"" FHD 144Hz Gaming Laptop","AMD Ryzen 5 7535HS (3.3GHz up to 4.55GHz, 6 cores)","8GB DDR5, ", 512GB SSD ,"13.6"" Liquid Retina display (2560 x 1664)","144Hz Refresh Rate, Backlit keyboard, Type-C","117,000"
"HP ProBook 440 G9 Core i7 12th Gen 14"" FHD Laptop","Intel Core i7-1355U (up to 5.0GHz, 12 MB L3 cache)","8GB DDR4 3200MHz , ", 512GB SSD,"14"" 2.8K (2880x1800) OLED Touch","Privacy Shutter, Type-C, Wi-Fi 6E","117,500"
"Lenovo IdeaPad Gaming 3i Core i7 11th Gen GTX 1650 4GB Graphics 15.6"" FHD Laptop","Intel Core i7-1355U (up to 5.0GHz, 12 MB L3 cache)","8GB DDR5 4800MHz, ", 512GB SSD,"14.0"" 2.8K (2880 x 1800) OLED Touch","High Definition Audio, FHD 1080p + IR with Privacy Shutter","118,000"
"Lenovo IdeaPad Gaming 3i Core i7 11th Gen GTX 1650 4GB Graphics 15.6"" FHD Laptop With 3 Years Warranty","Intel Core i7-1165G7 (12M Cache, 2.80 GHz up to 4.70 GHz)","16GB DDR4 3200MHz , ", 512GB SSD,"14"" 2.8K (2880 x 1800) OLED","Backlit Keyboard, Type-C","118,000"
"Asus VivoBook 15 S513EQ Core i7 11th Gen MX350 2GB Graphics 15.6"" FHD OLED Laptop","Intel Core i5-11300H (8M Cache, 3.10 GHz up to 4.40 GHz)","16GB DDR4, ", 512GB SSD,"14"" WUXGA (1920x1200) IPS","Backlit Keyboard, Type-C","118,000"
"Lenovo IdeaPad Flex 5 14IAU7 Core i5 12th Gen 14"" WUXGA Touch Laptop","AMD Ryzen 5 4600H (8MB Cache, 3.0GHz up to 4.0GHz)","16GB DDR5, ", 512GB SSD,"13.6"" Liquid Retina display (2560 x 1664)","Backlit Keyboard, Type-C","118,000"
"Lenovo IdeaPad Gaming 3 15ARH7 Ryzen 5 7535HS RTX 2050 4GB Graphics 15.6"" FHD Laptop","Intel Core i5-12500H Processor (18M Cache, up to 4.50 GHz)","16GB DDR4, ", 512GB SSD,"14"" WUXGA (1920x1200) OLED","High Definition Audio, Privacy Shutter, Stereo speakers","118,000"
"HP ProBook 440 G10 Core i7 13th Gen 14"" FHD Laptop","Intel Core i5-1335U (12MB Cache, up to 4.6 GHz)","8GB RAM, ", 512GB SSD,"15.6 Inch, FHD (1920*1080)","Backlit Keyboard, Type-C","118,500"
"HP ProBook 450 G10 Core i7 13th Gen 15.6"" FHD Laptop",AMD Ryzen 7 7730U ,"8GB DDR5 4800MHz, ", 512GB SSD,"15.3"" Liquid Retina display (2880 x 1864)","High Definition Audio, Privacy Shutter, Stereo speakers","118,500"
"Asus VivoBook 15 S513EQ Core i7 11th Gen MX350 2GB Graphics 15.6"" FHD Laptop","AMD Ryzen 7 5825U (2.0GHz Up to 4.5GHz, Core 8, Threads 16)","16GB DDR4 3200MHz, ", 512GB NVMe SSD,"15.3"" Liquid Retina display (2880 x 1864)","Backlit Keyboard 1-Zone RGB, Type-C","119,000"
"Lenovo IdeaPad Slim 5i Pro Core i5 11th Gen MX450 2GB Graphics 16"" Laptop With 3 Years Warranty","AMD Ryzen 5 5625U (16MB L3 Cache, 2.3GHz, up to 4.3GHz)","16GB DDR4, ", 512GB SSD,"Features: QHD+, 240Hz Display, Backlit Keyboard","Backlit Keyboard, Type-C","121,000"
"Asus TUF Gaming A17 FA706ICB Ryzen 5 4600H RTX 3050 4GB Graphics 17.3"" FHD Gaming Laptop","Intel Core i5-12450H (12M Cache, 3.30 GHz up to 4.40 GHz)","16GB DDR4 3200MHz , ", 512GB SSD,"14"" FHD (1920 x 1080) IPS","Backlit Keyboard, Type-C","121,000"
GIGABYTE G5 MF Core i5 12th Gen RTX 4050 6GB Graphics 15.6'' FHD 144Hz Gaming Laptop,AMD Ryzen 5 7535HS,"8GB DDR4 3200MHz , ", 512GB SSD,"Features: Backlit Keyboard, Dual Display, Type-C","144Hz Refresh Rate, Backlit keyboard, Type-C","124,000"
"ASUS VivoBook S 14 Flip TP3402VA Core i5 13th Gen 14"" WUXGA Touch Laptop","Intel Core i7-11800H (24M Cache, 2.30 GHz up to 4.60 GHz)","8GB DDR5 4800MHz, ", 512GB SSD,"14.5"" 2.5K (2560x1600) IPS, 90Hz","Backlit Keyboard, Type-C","124,000"
"Lenovo Yoga 6 13ABR8 Ryzen 7 7730U 13.3"" FHD Touch Laptop",AMD Ryzen 7 7735HS ,"16GB DDR4, ", 512GB SSD,"13.3"" 3K (2880 x 1800) OLED 0.2ms Touchscreen","Backlight Keyboard, Type-C","125,000"
"Asus ZenBook 14 UM3402YA Ryzen 7 5825U 14"" WQXGA Laptop","Intel Core i7-12700H (24M Cache, 3.50 GHz up to 4.70 GHz)","8GB, ", 256GB SSD,"13.6"" Liquid Retina display (2560 x 1664)","Backlit Keyboard, 144Hz, Type C","129,000"
"Asus ZenBook 14 OLED UM3402YA Ryzen 5 5625U 14"" WQHD Laptop","AMD Ryzen 5 5600H (L2 3MB & L3 16MB Cache, 3.3GHz Up to 4.2GHz)","16GB DDR5, ", 512GB SSD,"13.6"" Liquid Retina display (2560 x 1664)","Backlit Keyboard, Fingerprint, Type-C","129,500"
"MSI Cyborg 15 A12VE Core i5 12th Gen RTX 4050 6GB Graphics 15.6"" FHD Gaming Laptop","Intel Core i5-11400H Processor (12M Cache, 2.70 GHz up to 4.50 GHz)",16GB 5600MHz; , 512GB SSD,"Features: Backlit Keyboard, 165Hz Display, Type-C","Backlit Keyboard, Type-C, Privacy Shutter","129,500"
"Lenovo IdeaPad Pro 5 16ARP8 Ryzen 5 7535HS 16"" 2.5K Laptop","Intel Core i5-12450H (12M Cache, 3.30 GHz up to 4.40 GHz)","16GB DDR5, ", 512GB SSD,"13.3"" 2.8K (2880 x 1800) OLED","Backlit Keyboard, Fingerprint, Type-C","129,500"
"ASUS TUF Gaming F15 FX506HF Core i7 11th Gen RTX 3050Ti 4GB Graphics 15.6"" FHD Gaming Laptop","AMD Ryzen 5 7535HS (3.3GHz up to 4.55GHz, 6 cores)","16GB DDR4, ", 512GB SSD,"15.3"" Liquid Retina display (2880 x 1864)","LED Backlight, Fingerprint","129,900"
"Lenovo IdeaPad Pro 5 16ARP8 Ryzen 7 7735HS 16"" 2.5K Laptop","Intel Core i5-12500H Processor (18M Cache, up to 4.50 GHz)","8GB, ", 256GB SSD,"15.3"" Liquid Retina display (2880 x 1864)","Backlit Keyboard, Type-C","130,000"
"ASUS TUF Gaming F15 FX507ZC4 Core i7 12th Gen RTX 3050 4GB Graphics 15.6"" FHD Gaming Laptop","Intel Core i5-12450H (12M Cache, 3.30 GHz up to 4.40 GHz)","16GB RAM, ", 512GB SSD,"15.3"" Liquid Retina display (2880 x 1864)","2W x2 Stereo speakers, Privacy Shutter","131,900"
"ASUS Vivobook Pro 15 M3500QC Ryzen 5 5600H RTX 3050 4GB Graphics 15.6"" FHD Laptop","Intel Core i5-12450H (12M Cache, 3.30 GHz up to 4.40 GHz)","16GB LPDDR5, ", 512GB SSD,"14"" 2.8K (2880 x 1800) OLED Touch","Backlit Keyboard, Fingerprint , Type-C","132,000"
"ASUS TUF Gaming F15 FX506HE Core i5 11th Gen RTX 3050 Ti 4GB Graphics 15.6"" FHD Gaming Laptop","Intel Core i5-12450H (12M Cache, 3.30 GHz up to 4.40 GHz)","16GB DDR5, ", 512GB SSD,"13.5"" PixelSense Multi-Touch"," Backlit Keyboard , 165Hz, Type C","133,500"
"MSI Sword 15 A12UCX Core i5 12th Gen RTX 2050 4GB Graphics 15.6"" FHD Gaming Laptop","Ryzen 7 5800H (8-core, 16-thread, 20MB cache, up to 4.4 GHz)","16GB, ", 512GB SSD,"13.5"" PixelSense Multi-Touch","Backlit Keyboard, Type-C","134,000"
"Lenovo IdeaPad Gaming 3 15ARH7 Ryzen 5 7535HS RTX 4050 6GB Graphics 15.6"" FHD Laptop","Intel Core i7-13700H (24M Cache, 3.70 GHz up to 5.0 GHz)","16GB (8x2) DDR5, ", 1TB SSD,"13.3"" 3K (2880 x 1800) OLED 0.2ms","144Hz Refresh Rate, Type C","124,000"
GIGABYTE G5 KF Core i5 12th Gen RTX 4060 8GB Graphics 15.6'' FHD 144Hz Gaming Laptop,"AMD Ryzen 7 6800H (16M Cache, 3.2 GHz up to 4.7 GHz)","16GB DDR5 4800MHz, ", 512GB SSD,"Features: Backlit Keyboard, 165Hz Display, Type-C","Backlit Keyboard, Fingerprint, Type-C","135,000"
"Asus TUF Dash F15 FX517ZC Core i5 12th Gen RTX 3050 4GB Graphics 15.6"" FHD Gaming Laptop","AMD Ryzen 7 7730U (8-core/16-thread, 16MB cache, up to 4.5 GHz)","16GB DDR5, ", 512GB SSD ,"Features: 240Hz Display, Backlit Keyboard, Type-C","White Backlit, Type-C, E-Shutter, LA1 AI Chip","139,000"
"MSI Katana 15 B12UDXK Core i5 12th Gen RTX 3050 4GB Graphics 15.6"" FHD Gaming Laptop","Intel Core i5-1135G7 (8M Cache, 2.40 GHz up to 4.20 GHz)","16GB LPDDR5, ", 512GB SSD,"14.5"" 2.8K 120Hz OLED Touchscreen, ScreenPad Plus",Backlit Magic Keyboard and the Touch ID,"139,000"
"Thunderobot 911MT Core i5 12th Gen RTX 3060 6GB Graphics 15.6"" FHD 144Hz Gaming Laptop","AMD Ryzen 7 6800H (16M Cache, 3.2 GHz up to 4.7 GHz)","8GB, ", 256GB SSD,"Features: 17.3"" 144Hz Display, Backlit Keyboard","Backlit Keyboard, Fingerprint , Type-C","139,000"
"ASUS Vivobook Pro 15 M3500QC Ryzen 7 5800H RTX 3050 4GB Graphics 15.6"" FHD Laptop","Intel Core i5-12450H (12M Cache, 3.30 GHz up to 4.40 GHz)","16GB DDR5, ", 1TB SSD,"14.2"" Liquid Retina display (3024 x 1664)","Backlit Keyboard, Fingerprint, Touch, Privacy Shutter","139,500"
"Lenovo IdeaPad Slim 5 16IRL8 Core i7 13th Gen 16"" WUXGA Laptop","AMD Ryzen 7 5800H (8-core, 16-thread, 20MB cache, up to 4.4 GHz)","16GB DDR4, ", 512GB SSD,"14.2"" Liquid Retina display (3024 x 1664)","Backlit Keyboard, Type-C","140,000"
"ASUS TUF Gaming A15 FA507RE Ryzen 7 6800H RTX 3050 Ti 4GB Graphics 15.6"" FHD Gaming Laptop","Intel Core i5-13500H (18M Cache, 3.40 GHz, up to 4.70 GHz)","16GB DDR4 3200MHz, ", 512GB NVMe SSD,"Features: Backlit Keyboard, 144Hz Display","Backlit Keyboard, Type-C","142,900"
"ASUS Vivobook S 16 Flip OLED TN3604YA Ryzen 7 7730U 16"" 3.2K Touch Laptop","Intel Core i7-12650H (24M Cache, 2.30 GHz up to 4.70 GHz)","8GB, ", 256GB SSD,"Features: Backlit Keyboard, 165Hz Display",Backlit Magic Keyboard and the Touch ID,"142,900"
"Lenovo ThinkPad P14s Gen 2 Core i5 11th Gen 14"" FHD Business Laptop","Intel Core i5-12500H Processor (18M Cache, up to 4.50 GHz)","8GB, ", 256GB SSD,"14"" 2.8K (2880x1800) OLED, 90Hz Touchscreen","Fingerprint Reader, Type-C","143,000"
"ASUS TUF Gaming A15 FA507RC Ryzen 7 6800H RTX 3050 4GB Graphics 15.6"" FHD Gaming Laptop","Intel Core i5-12500H (18M Cache, up to 4.50 GHz)","16GB DDR5,  ", 512GB SSD ,"14.2"" Liquid Retina display (3024 x 1664)","Backlit Keyboard, Type-C","144,000"
"Lenovo IdeaPad Gaming 3i Core i5 12th Gen RTX 3050 4GB Graphics 16"" 2K WUXGA Laptop",Intel Core i5-12500H (Up to 4.40 GHz),"8GB DDR5 4800MHz , ", 512GB SSD,"14.2"" Liquid Retina display (3024 x 1664)","Backlit Keyboard, Type-C","144,000"
"ASUS Vivobook Pro 15 OLED M3500QC Ryzen 7 5800H RTX 3050 4GB Graphics 15.6"" FHD Laptop with Windows 11","Intel Core i5-13420H (12M Cache, 3.4 GHz up to 4.6 GHz)","16GB DDR4 3200MHz , ", 512GB SSD,"14.2"" Liquid Retina display (3024 x 1664)","Backlit Keyboard, Fingerprint sensor, Type-C","144,500"
"Thunderobot 911X Core i5 13th Gen RTX 4050 6GB Graphics 15.6"" FHD 165Hz Gaming Laptop","Apple M2 chip, 8-core CPU with 4 performance cores and 4 efficiency cores","16GB LPDDR4X, ", 512GB SSD,"Features: 16” UHD+ OLED Display, Backlit Keyboard, Fingerprint","RGB Backlit Keyboard, Type-C","144,900"
"MSI Cyborg 15 A12UDX Core i7 12th Gen RTX 3050 6GB Graphics 15.6"" FHD Gaming Laptop","AMD Ryzen 7 6800H (16M Cache, 3.2 GHz up to 4.7 GHz)",16GB DDR4 , 512GB M.2 NVMe PCIe 3.0 SSD,"14.2"" Liquid Retina display (3024 x 1664)","Backlit Keyboard, Type-C","145,000"
"GIGABYTE G5 KE Core i5 12th Gen RTX 3060 6GB Graphics 15.6"" FHD 144Hz Gaming Laptop","Ryzen 7 7840HS (3.8GHz Up to 5.1GHz, 8 Cores, 16 Threads)","16GB DDR4 3200MHz, ", 512GB SSD,"14.2"" Liquid Retina display (3024 x 1664)","Backlit Keyboard, Type-C","146,000"
"GIGABYTE AORUS 15 9MF Core i5 12th Gen RTX 4050 6GB Graphics 15.6"" FHD 360Hz Gaming Laptop","Intel Core i7-1255U (12M Cache, 3.5 GHz up to 4.7 GHz)","16GB DDR5 5600MHz, ", 512GB NVMe PCIe Gen4 SSD,"16.2"" Liquid Retina display (3456 x 2234)","Backlit Keyboard, Type-C, Touch","146,000"
"ASUS VivoBook 16X K3605ZF-MX041W Core i5 12th Gen 16"" OLED Laptop","AMD Ryzen 7 6800H (16M Cache, 3.2 GHz up to 4.7 GHz)","16GB LPDDR5 on board, ", 512GB SSD,"16.2"" Liquid Retina display (3456 x 2234)","Backlit Keyboard, Fingerprint, Touch, Privacy Shutter","148,000"
"Lenovo LOQ 15IRH8 Core i5 13th Gen RTX 3050 6GB Graphics 15.6"" FHD Gaming Laptop","AMD Ryzen 9 5900HX (16MB L3 Cache, 3.3GHz up to 4.6GHz)","16GB DDR5, ", 1TB SSD,"16.2"" Liquid Retina display (3456 x 2234)",Backlit Magic Keyboard and the Touch ID,"148,000"
Apple MacBook Air (2022) Apple M2 Chip 13.6-Inch Liquid Retina Display 8GB RAM 256GB SSD Midnight #MLY33LL/A / MLY33ZP/A,"Apple M2 chip, 8-core CPU with 4 performance cores and 4 efficiency cores","8GB DDR5 4800MHz , ", 512GB SSD,"16.2"" Liquid Retina display (3456 x 2234)","Backlit Keyboard, Privacy Shutter","149,000"
"ASUS Vivobook S 16X OLED M5602RA Ryzen 7 6800H 16"" OLED Laptop","Intel Core i7-1255U (12M Cache, up to 4.70 GHz)","16GB DDR5, ", 512GB SSD,"16.2"" Liquid Retina display (3456 x 2234)","Backlit Keyboard, E-shutter","149,000"
"Lenovo LOQ 15APH8 Ryzen 7 7840HS RTX 3050 6GB Graphics 15.6"" FHD 144Hz Gaming Laptop","AMD Ryzen 7 7735U (8-core, 16MB cache, 2.7 GHz up to 4.75GHz)","16GB DDR4 , ", 512GB SSD,"14.2"" Liquid Retina display (3024 x 1964)","Backlit Keyboard, Fingerprint, Type-C","150,000"
"Lenovo IdeaPad Flex 5 14IAU7 Core i7 12th Gen 14"" WUXGA Touch Laptop",Intel Core i5 13500HX 13th Gen,"8GB, ", 512GB SSD,"14.2"" Liquid Retina display (3024 x 1964)","Backlit Keyboard, Type-C","150,000"
"ASUS TUF Gaming A15 FA507RE Ryzen 7 6800H RTX 3050 Ti 4GB Graphics 15.6"" FHD Jaeger Gray Gaming Laptop","Intel Core i7-1165G7 (12M Cache, 2.80 GHz up to 4.70 GHz, with IPU)","8GB, ", 512GB SSD,"16.2"" Liquid Retina display (3456 x 2234)",Backlit Magic Keyboard and the Touch ID,"143,000"
"ASUS Vivobook Pro 15 M3500QC Ryzen 9 5900HX RTX 3050 4GB Graphics 15.6"" FHD Laptop","Intel Core i7-13620H (24M Cache, 2.4 GHz up to 4.90 GHz)",16GB DDR5 4800MHz  , 512GB SSD,"16.2"" Liquid Retina display ( 3456 x 2234)",Backlit Magic Keyboard and the Touch ID,"154,000"
Apple MacBook Air (2022) Apple M2 Chip 13.6-Inch Liquid Retina Display 8GB RAM 256GB SSD Starlight #MLY13LL/A / MLY13ZP/A,"Intel Core i5-12450H (12M Cache, 3.30 GHz up to 4.40 GHz)","16GB DDR4-3200, ", 1TB SSD,"16.2"" Liquid Retina display ( 3456 x 2234)",Backlit Chiclet Keyboard 1-Zone RGB Keyboard,"149,000"
"Lenovo IdeaPad Slim 5i Core i7 12th Gen MX550 2GB Graphics 15.6"" FHD Laptop","AMD Ryzen 7 7735HS (3.2GHz up to 4.75GHz, 8 cores)","16GB RAM, ", 512GB SSD,"16.2"" Liquid Retina display ( 3456 x 2234)",Backlit Chiclet Keyboard 1-Zone RGB Keyboard,"155,000"
"Lenovo Yoga 7 14ARP8 AMD Ryzen 7 7735U 14"" OLED 2.8K Touch Laptop",Intel Core i5-1340P (1.9 GHz Up to 4.6 GHz),"16GB DDR5, ", 1TB SSD,"16.2"" Liquid Retina display ( 3456 x 2234)","Backlit Keyboard, Fingerprint, Type-C","155,000"
"Acer Predator Helios Neo 16 PHN16-71 Core i5 13th Gen RTX 4050 6GB Graphics 16"" 165Hz Gaming Laptop","Intel Core i7-1355U (12M Cache, 3.7 GHz up to 5.0 GHz)","16GB DDR5 4800MHz, ", 512GB SSD,"16.2"" Liquid Retina display ( 3456 x 2234)","Backlit Keyboard, 165Hz, Type-C","156,000"
"Asus ZenBook 14X OLED UX5401EA Core i7 11th Gen 14"" 2.8K OLED Touch Laptop","AMD Ryzen 9 5900HX Processor(16M Cache, 3.30GHz up to 4.60GHz)","16GB DDR5 5600MHz, ", 512GB NVMe PCIe Gen4 SSD,"14"" FHD (1920 x 1080) IPS","4-Zone RGB Gaming Keyboard, 2x 2W Speaker","157,000"
"MSI Katana 15 B13VEK Core i7 13th Gen RTX 4050 6GB Graphics 15.6"" FHD Gaming Laptop","Apple M2 chip, 8-core CPU with 4 performance cores and 4 efficiency cores","16GB LPDDR5, ", 1TB SSD,"10"" (1920 x 1280) PixelSense MultiTouch","Backlit Keyboard, Type-C, 120Hz, G-Sync, Privacy Shutter","157,500"
"Asus TUF Dash F15 FX517ZE Core i5 12th Gen RTX 3050 Ti 4GB Graphics 15.6"" FHD WV Gaming Laptop","Intel Core i7-13700H (24M Cache, 3.7 GHz up to 5.0 GHz)","8GB, ", 512GB SSD,"13.5"" PixelSense Multi-Touch","Backlit Keyboard, Type-C, E-Shutter","159,000"
"Lenovo IdeaPad Gaming 3 15ARH7 Ryzen 7 7735HS RTX 4050 6GB Graphics 15.6"" FHD Laptop","AMD Ryzen 7 6800H (16M Cache, 3.2 GHz up to 4.7 GHz)","8GB, ", 512GB SSD,"14.4"" (2400 x 1600) PixelSense Flow Touch Screen","Backlit Keyboard, Fingerprint","159,000"
